CommentId,VideoId,Text,IsToxic,IsAbusive,IsThreat,IsProvocative,IsObscene,IsHatespeech,IsRacist,IsNationalist,IsSexist,IsHomophobic,IsReligiousHate,IsRadicalism
Ugjpu_RMQN7KuHgCoAEC,dG7mZQvaQDk,"I will tell you what is even more taboo to talk about, something the News Media won't touch with a ten foot pole...*""""Black on White Crime""""*
Blacks sexually assaulted over 30,000 white women in 2005 but fewer than 10 black women were sexually assaulted by white men. Yes, I used 2005 because the BOJ does not make these stats available online anymore stating that ""These statistic may be inflammatory to certain ethnic groups' and this is only the tip of the iceberg.",False,False,False,False,False,False,False,False,False,False,False,False
UgzjY5FCQAraiLWUyid4AaABAg,cT14IbTDW2c,"I understand the point black lives do matter but blocking off traffic like that like WTH is that gonna do... There is people that need to go places hospitals, family,work ,etc and this to me is just plane stupid",True,True,False,False,False,False,False,False,False,False,False,False
UgjsJRASPa3OWHgCoAEC,04kJtp6pVXI,What a fucking douche bag,True,True,False,False,True,False,False,False,False,False,False,False
Ugg8-b12nbu2-XgCoAEC,9pr1oE34bIM,"You perform a basic snatch and grab robbery at a local convenience store which turns into a strong arm robbery on an immigrant midget store clerk and in less than 30 minutes later you get lit up by a yahoo cop who told you to get the fuck out of the middle of the road and proceeded on until he recognized you as fitting the description of the assailant which just came over his radio; talk about Mutherfuckin Karma! Stealing shit does not warrant deadly force but Karma's a Bitch and who the fuck has the ability to control it or direct it's measures of decree? Ain't no Mutherfucker who puts on his pant's one leg at a time, that's for sure!",True,True,False,False,True,False,False,False,False,False,False,False
Ugiz8myZ5rjRKngCoAEC,9pr1oE34bIM,"A good job of of determining what occurred before Brown was killed. However, why it occurred is not a simple matter of racism, police abuse or anything mentioned. Question everything. Until we pull back the curtain to see the wizard is an illusion and we are all one and all life is energy and sacred... and turn off the TV. Peace, love and appreciation.",False,False,False,False,False,False,False,False,False,False,False,False
Ugim7HUsL6xP13gCoAEC,TZxEyoplYbI,"I see all these signs, ""black lives matter!"", ""no parent should have to bury their child!"",""justice!"". I bet you they'd know the last three black person shot by a white cop, but if you ask them to name one person in the last hundred who was killed by another black person, not a damn clue. where are the marches and protests over that? you are far more likely to murdered by another black person who isn't a cop. that is a fact. fuck you sharpton. you are no cornell west.",True,True,False,False,False,False,False,False,False,False,False,False
Ugyday9fAu6Mtqe_JAJ4AaABAg,cT14IbTDW2c,"They should all be arrested for blocking a highway. If you want to protest, do it somewhere else.",False,False,False,False,False,False,False,False,False,False,False,False
Ugh2MdXbI9AneXgCoAEC,9pr1oE34bIM,"Stef,...I agree the facts on this case are grey, however you have to realize that cops are getting caught in acts of unjustified violence on a daily bases now, its getting caught on video and its writing a narrative of brutality and thuggery the public will not tolerate any longer,.... POLICE BRUTALITY - Recording The Police is Dangerous, but Necessary!",False,False,False,False,False,False,False,False,False,False,False,False
Ugxpgg01nbW9Rr2sXIl4AaABAg,cT14IbTDW2c,Nothing more hypocritical than a movement claiming to support blacks by blocking probably hundreds of blacks trying to get to their job to feed their god damn family,False,False,False,False,False,False,False,False,False,False,False,False
UgiR5LCZ_-DKW3gCoAEC,TZxEyoplYbI,"another bulllsship vice documentary that doesnt focus on any facts, just idiots with no jobs who are venting their own racist paranoia",True,True,False,True,True,False,False,False,False,False,False,False
UgyFQYMYiDs-RdmouGp4AaABAg,cT14IbTDW2c,If I was there I will sue them for the time they wast ...,False,False,False,False,False,False,False,False,False,False,False,False
UgiAxtQoe6zezHgCoAEC,9pr1oE34bIM,racist piece of shit you reach for anything to justify murder. it is extremely shameful how you slant facts in order to justify your racist and biased views.Â ,True,True,False,False,True,False,False,False,False,False,False,False
Ugw5-xcVE7UQ-Su23j94AaABAg,dDbRyFIkNII,I want to toss one of those gernades lol not at anyone of course but at a range that would be the fucking shit,True,True,False,False,True,False,False,False,False,False,False,False
UgiRdlTIK793_ngCoAEC,9pr1oE34bIM,"all police officers should be wearing a camera on their lapel, all these issues would be open and shut cases...",False,False,False,False,False,False,False,False,False,False,False,False
UgwfhDjqGBAdEnRAAzx4AaABAg,#NAME?,"Good job guys, you just raised your own taxes!!",False,False,False,False,False,False,False,False,False,False,False,False
Ugy3x2UAt4XUcipNTeZ4AaABAg,8HB18hZrhXc,Buy ak47 shoot all USA copa,True,True,True,False,False,False,False,False,False,False,False,False
UghAPwRy_Lp8ongCoAEC,bUgKZMSxr3E,"Aiming guns at people for saying something you don't like, is extremely American. Thats all they do. America is a broken system.",False,False,False,False,False,False,False,False,False,False,False,False
UgiJNNlr-YtRP3gCoAEC,bUgKZMSxr3E,Joe rogan is an idiot.,True,True,False,False,False,False,False,False,False,False,False,False
UghxPDY91LzI_XgCoAEC,9pr1oE34bIM,luv dem gangzta lyreks,False,False,False,False,False,False,False,False,False,False,False,False
UgicXd44QtS0D3gCoAEC,9pr1oE34bIM,"As always Mr. Molyneux, excellent video.",False,False,False,False,False,False,False,False,False,False,False,False
Ugj9qky2IJzNTngCoAEC,9pr1oE34bIM,"Watching this Video, It is clear that Stefan has seems to buy all the argument in favor of the White Police officer, but not the Dead Black kid. I have watched Â other Videos you posted to see if the same patter of bias exist? sure enough , you repeated the same patter of argument against Tryvon Martin. So,you can only convince like minded. You are not different from Alex Jones, and many other White Conservatives who pretend to be against the system only if affect white people. Minorities and Blacks are fair game. So, Stefan, keep preaching your one sided view and you will gain many White admirers who share your view.",False,False,False,False,False,False,False,False,False,False,False,False
UggfMgHywO3pmHgCoAEC,dG7mZQvaQDk,I love this woman. THIS is a voice that matters. Fuck black lives matter.,True,True,False,False,False,False,False,False,False,False,False,False
UggVS57TNwzjhHgCoAEC,TZxEyoplYbI,Everyone is saying Micheal brown deserved it but what about treyvon Martin and Eric garner ,False,False,False,False,False,False,False,False,False,False,False,False
UgjOJxjEAvGohHgCoAEC,Dt9-byUhPdg,"""We been at war for 400 years"" please a war was started where three quarter of a million Americans died for you. Stop bitching",True,True,False,False,False,False,False,False,False,False,False,False
UgzazdpeRaudEbFEEtt4AaABAg,TZxEyoplYbI,Why so much hatred from people....,False,False,False,False,False,False,False,False,False,False,False,False
UghGHkOxrTnznngCoAEC,4rCweDxDqdw,"A lot of people and the entire media is missing this huge crucial point: WHY was Micheal Brown even stopped in the first place??? The day it happened, the officer said that it was because Mike Brown was walking in the street. Then a few days later, it was because he had robbed a convenience store. Despite the fact that owner himself says that his store was never robbed. The officer was apparently in fear for his life. The PD claims he was ""seriously injured"" in the altercation with Mike Brown. Even though there is a video showing the officer, perfectly fine, standing by Mike's body an hour after the shooting. Also, Mike's body was 35 feet away from where the officer was when Mike apparently ""charged"" at him. Man, the police are full of shit. If you can't see that this shit was made up, then you're either a bigot or just a fucking idiot. ",True,True,False,False,True,False,False,False,False,False,False,False
Ugi1T97xocHCCngCoAEC,TZxEyoplYbI,Somebody pick up a gun and kill a cop already LA style ,True,True,False,True,False,False,False,False,False,False,False,False
UgjxVU0ok82_bXgCoAEC,9pr1oE34bIM,"You call yourself an anarchist but defend a cop shooting an unarmed civilian. I'm highly disappointed. At the beginning of your video you referred to yourself as a ""square"" because you didn't know what a blunt is. It's much worse than that Stefan, you're incredibly out of touch as evidence by your complete ignorance towards black/hip hop culture and slang. If you were to start smoking blunts and listening to hip hop you would most likely gain a more enlightened understanding of what life is like in lower class America. ",False,False,False,False,False,False,False,False,False,False,False,False
Ugj0bah1De8xy3gCoAEC,XRuCW80L9mA,this video is so racist,False,False,False,False,False,False,False,False,False,False,False,False
UgjtqUBN4nZlJ3gCoAEC,9pr1oE34bIM,"When did coming towards the officer is the same thing as charging the officer, if that person is 35 feet away! No other eyewitness is saying that",False,False,False,False,False,False,False,False,False,False,False,False
Ughm4XDePtNnD3gCoAEC,9pr1oE34bIM,"OMG Stefan that rap was so hysterical. anyway, good news I guess, to know that whatshisname is douche and deserved to die.

Premptive strike made by Officer Darren Wilson. Huzzah for another trash taken off the streets. Probably should cure the disease rather than treat the symptoms though. the disease being the ignorance and self-entitlement of some communities in the lower class. Getting out of poverty isnt easy if your starting point isnt easy, but its still feasible with the right amount of drive.",True,True,False,True,False,False,False,False,False,False,False,False
UgwAsmrDSyEC8hOdXt94AaABAg,cT14IbTDW2c,What are they proving by blocking the   road,False,False,False,False,False,False,False,False,False,False,False,False
UghzyVkP2QyrDHgCoAEC,dG7mZQvaQDk,"I never heard of this woman before.  But, I'm loving what she is saying.  This message is too valuable not to get out there.  Thanks for posting!",False,False,False,False,False,False,False,False,False,False,False,False
UghKL_Y4vpNs9XgCoAEC,9pr1oE34bIM,"is this true, police originally said robbery had nothing to do with stop?? Â So why are you claiming he noticed the cigars?",False,False,False,False,False,False,False,False,False,False,False,False
UghaNFtOPqPjvXgCoAEC,4rCweDxDqdw,That punk did not get blasted for no reason!! If that cop didn't shoot him someone else would have!!,True,True,False,False,False,False,False,False,False,False,False,False
UgwgEG2UZXowVcU2BK54AaABAg,cT14IbTDW2c,Who the fuck has time to be on the freeway???,False,False,False,False,False,False,False,False,False,False,False,False
UghFiMPAIdHjUXgCoAEC,dG7mZQvaQDk,"So proud of a woman & mother that stands on principle, morality & just plain common sense! And not afraid to go against the tide of her cultures wrong path! Kudos to you Peggy & also to the mother of the 2 kids in Hattiesburg, Ms. That killed 2 police officers... Then stands up and takes responsibility, as we all should. You two are wonderful role models and my latest heroines!",False,False,False,False,False,False,False,False,False,False,False,False
Ugj7h6FZ9x14_3gCoAEC,04kJtp6pVXI,Fuck CNN you corrupt demon worshiping fools,True,True,False,False,False,False,False,False,False,False,False,False
UghJltB-F0u8p3gCoAEC,9pr1oE34bIM,"You're the man, Stefan!",False,False,False,False,False,False,False,False,False,False,False,False
UgiovVFNjWPUJngCoAEC,dG7mZQvaQDk,Right On! Dynamite!,False,False,False,False,False,False,False,False,False,False,False,False
Ughm_dpizWFohHgCoAEC,04kJtp6pVXI,You people are sick! This man is speaking the truth and y'all are just mad. Trying to justify why a young boy who did nothing was shot and killed smh. Y'all are the devil and a disease to this earth! I'll be glad when the sun burns all your asses into extinction and we can have our planet back! Half animal half devil cave beasts!!! ,True,True,False,True,True,False,False,False,False,False,False,False
Ugif7J_LQBVe_HgCoAEC,04kJtp6pVXI,Â Michael Smerconish + Hack.Â ,False,False,False,False,False,False,False,False,False,False,False,False
UgjnRLG-LMuB-3gCoAEC,TZxEyoplYbI,I feel for the Blacks here in America..... I understand EVERYTHING.,False,False,False,False,False,False,False,False,False,False,False,False
UgiBd5_JgZmkLXgCoAEC,9pr1oE34bIM,"Dear Mr. Stephen Molyneux, 40 minutes is a bit long, but you are 100% right! You respond only after all facts are in . BTW, I voted the thumb up and the number (5729 )did not even blink. ( I have tried the thumb down and must say the same thing happened = to be fair.....) Â Thank you for your homework and your hard work. Obviously you spent a lot of time to present this case to us. Very nice of you. Obviously you care very much about your country.Â  All the best !",False,False,False,False,False,False,False,False,False,False,False,False
Ugh2eF27Mk96vngCoAEC,9pr1oE34bIM,lmao when he reads dudes raps is the best part,False,False,False,False,False,False,False,False,False,False,False,False
UghBkatZ4WY1uXgCoAEC,04kJtp6pVXI,I hope to god you guys is still not falling for the same ol banana in the tailpipe bullshit news that they're giving you,True,True,False,False,False,False,False,False,False,False,False,False
UgiQ6rR8-yyLZHgCoAEC,9pr1oE34bIM,this comment has nothing to do with the topic of this video...but will someone please set Stefan's rapping to an actual beat. It would be epic.,False,False,False,False,False,False,False,False,False,False,False,False
UgxSdrxMVF1TuxIq7VB4AaABAg,TZxEyoplYbI,"0:05 to 0:18 I had no idea cops mooed, I always thought they just oinked. Learn something new every day",True,True,False,False,False,False,False,False,False,False,False,False
UghLKEjKvHMPI3gCoAEC,dG7mZQvaQDk,"Thank you Mrs. Hubbard. I am so happy that you said what needs saying. Blacks are allowing their neighborhoods to be destroyed by themselves. Black mother's stand up and be counted. Black fathers keep your ass home and help raise your children. Peggy, Chief & I have your back. Fair winds and following seas shipmate. Slap heard round the world needs to happen a whole lot more my sisters.",False,False,False,False,False,False,False,False,False,False,False,False
Ugi3mrlSqtIs-ngCoAEC,#NAME?,Ferguson 2014: Protesters Flip Police CarÂ | The New York Times,False,False,False,False,False,False,False,False,False,False,False,False
UggPDp4D0K-7xngCoAEC,dG7mZQvaQDk,When I c the blk lives matter bullshit.....witch I call bullshit 5 black people were killed in a five period in Newark nj where were they....... I call Bullshitb,True,True,False,True,True,False,False,False,False,False,False,False
UghUEX_-eNfdeXgCoAEC,9pr1oE34bIM,the only difference is the color of your skin. do people still say that?,False,False,False,False,False,False,False,False,False,False,False,False
UgiLoDtsZBccZXgCoAEC,9pr1oE34bIM,"How da Fuck do this gay ass bald white frenchy nigga gonna set hisself up as a dang judge a this whole criminal conspiracy. Micheal brown had his MOTHAFUCKIN HANDS IN THE AIR SON! If u so smart then u should know that when a nigga has his hands in the mothafuckin air that's a sign SHOWIN HE WAS INNOCENT OF THA CRIME!  Sorry for the cussin, but that shit be internationally recognized as an indication of INNOCENCE ON THE PART OF THE PERPETRATOR!  What y'all niggas in the media have here is a plain old fashioned example a MURDER IN THE FIRST DEGREE on the part a Mr. Officer Darren Wilson, for takin the life a this nigga, who was a COLLEGE STUDENT!  Niggas at kent state be protestin , they get they asses shot, and it's a historic event.... Michael brown shot dead in the street while he takin part in the ferguson protests, and y'all media mothafuckas try to explain it away",True,True,False,False,True,False,False,False,False,False,False,False
UghrQePFFLNuKHgCoAEC,cT14IbTDW2c,Run them down,True,True,False,True,False,False,False,False,False,False,False,False
UgzEiqkk2CCuMaxuPvZ4AaABAg,cT14IbTDW2c,Everyone wants to be the next MLK but the issue is that there aren't problems in the US anymore that require another MLK.,False,False,False,False,False,False,False,False,False,False,False,False
UgjZ02fatvBFd3gCoAEC,9pr1oE34bIM,"Â Thank you, Stefan. Â Humorous, tragic Â and enlightening. Â From California.",False,False,False,False,False,False,False,False,False,False,False,False
Ugy7qa1kqoitoxDef5l4AaABAg,cT14IbTDW2c,"Too bad nobody ran them down!  Hmmmm? If your dumbass lives matter, then stay the fuck out of the street, DUH!!! ðŸ™„ðŸ™„",True,True,False,True,True,False,False,False,False,False,False,False
UghBlbV9tbPVqXgCoAEC,8HB18hZrhXc,how fucking brain dead do you have to be to let the Nazi police scum bags just take you in,True,True,False,True,False,False,False,False,False,False,False,False
Ugg-OnOaqwandHgCoAEC,9pr1oE34bIM,"Cops NEED to be given a very wide latitude in self defense considering the threats they face and they if incapacitated, they have a very high chance of being executed with their own dam gun.Noone seems o care about this shit...",True,True,False,False,True,False,False,False,False,False,False,False
UggYHsvinXkgM3gCoAEC,04kJtp6pVXI,"stop being criminals and you wont get shot, that simple",True,True,False,True,False,False,False,False,False,False,False,False
Uggyfw4IbkIqE3gCoAEC,9pr1oE34bIM,"You honestly believe that Mike Brown was actually trying to take a cops gun while the cop was sitting in the car?Â  You would be stupid to think that a kid would charge at someone pointing a gun at them as if he was some beast and was high.Â 

Â If he was so high how could Mike go to the store and do everything else so easily..epic fail sir.Â  Why not make the officer take a toxicology test.Â  The officer was obviously scared and was going to use his weapon per being intimidated byÂ Mike's size.Â 

The officer didn't know that Mike had stolen anything and told the dispatcher that he knew nothing of a shooting in the area.

Get your facts straight please.Â ",True,True,False,False,False,False,False,False,False,False,False,False
Uggs4V2kJ0QPg3gCoAEC,dG7mZQvaQDk,everyone share this......this women is awesome,False,False,False,False,False,False,False,False,False,False,False,False
UgjaLYTtVFDllngCoAEC,9pr1oE34bIM,"That video of him pushing that clerk around really made me lose any sympathy for him. You can definitely tell from that the guy was most likely a dick.But hell, I need a new TV so I might as well riot and go loot one in his honor",True,True,False,False,False,False,False,False,False,False,False,False
UgiBmDegoK7fvHgCoAEC,04kJtp6pVXI,No indictment...moving right along.,False,False,False,False,False,False,False,False,False,False,False,False
Ugwz4Qt5dHpq1CN3e6x4AaABAg,5vF4si3hoRA,Dirtbags all of them. Including CNN,True,True,False,False,False,False,False,False,False,False,False,False
UggugXtbHOq9K3gCoAEC,TZxEyoplYbI,"Just finished the video....
Now to gaze upon the racists and bigots in the comment section. It'll make me glad i'm a human being.",True,True,False,False,False,False,False,False,False,False,False,False
UgjfuRw9Xd9RJ3gCoAEC,cT14IbTDW2c,"Haha 4:37 a big old ""Fucking"" made it through the censor",False,False,False,False,False,False,False,False,False,False,False,False
Ugg_G6d9ehvFo3gCoAEC,dDbRyFIkNII,I'm not informed 100% about what exactly is going on but that was fucked up! I'm trying to find reliable resources to understand this. I can't believe that it is 2014 and thing like this is still happening. ,False,False,False,False,False,False,False,False,False,False,False,False
Ughxvpwf-pvcs3gCoAEC,dG7mZQvaQDk,I think I just fell in love.,False,False,False,False,False,False,False,False,False,False,False,False
Ugi5ADt10EdDz3gCoAEC,XRuCW80L9mA,I remember that they sent in the national defence there,False,False,False,False,False,False,False,False,False,False,False,False
UghqvIGI8ffj3XgCoAEC,dG7mZQvaQDk,Very respectable woman,False,False,False,False,False,False,False,False,False,False,False,False
UgjJBCVWZfyM6ngCoAEC,04kJtp6pVXI,"If that cop shot a white guy, there would not be any riots. But since he shot a black guy, everyone seems to think it was because he was black. Look at the evidence not skin color. Everyone always throws out the race card over crap like this.",False,False,False,False,False,False,False,False,False,False,False,False
UgiphX72LCH4DHgCoAEC,04kJtp6pVXI,"This is a genuine failure of leadership by the President of the United States. Â This nice town, Ferguson, should have been declared a state of emergency. It should have been put under martial law, federal troops should have stuffed the town, and non-residents should have been pushed out. Â Everyone knew there was going to be another riot. Â But...what did the President do? Â He didn't want to offend the black community. He didn't want anyone else to get shot. Â So he just let 'er burn baby burn. Â Seems to me, that a real leader could have had it both ways. Â Mr. President, sir, you have failed reprehensibly - and I do accuse you.ï»¿",True,True,False,True,False,False,False,False,False,False,False,False
UghkXLn32ypsD3gCoAEC,9pr1oE34bIM,"Stefan Molyneux, please explain how my inquiry about the handling of the subsequent unrest is ""circular language games""? A pretty simple and straightforward question that you seem to be avoiding in a very unnecessarily hostile manner. What is the justification for the heavy-handed militaristic response to looting? Why would officials handling the situation there decide initially to block access to the area by media? I have a family member that lives in that area and he can attest to the unprofessionalism and hostility from the law enforcement that was handling it early on. If I'm incorrect on this info please direct toward some facts regarding this. I still do not understand why you went straight to attacking me. I have respect for your logic...when you're willing to share it. Thank you in advance, hopefully you wont continue to insult me for whatever reason you chose.",False,False,False,False,False,False,False,False,False,False,False,False
UghHXFtt3YyAhngCoAEC,4rCweDxDqdw,I live in St. Louis and it's scary. ,False,False,False,False,False,False,False,False,False,False,False,False
UgjAkZxH7p-SjHgCoAEC,dG7mZQvaQDk,"Ask your fellow white liberal press networks and blogs to post this, they won't, they cringe at black conservatism.",True,True,False,True,False,False,False,False,False,False,False,False
UgiY2XNo_8ncNngCoAEC,bUgKZMSxr3E,Non lethal weapon's do not control crowds lol. I love Rogan but this discussion was stupid as fuck.,True,True,False,False,False,False,False,False,False,False,False,False
Ughj2Fv5cGqJX3gCoAEC,cT14IbTDW2c,The protesters look like kids (16-22?) Â  I wonder if anyone got their license plate numbers? Â Pretty wild that a bunch of kids could do that much damage? Â Our infrastructure is pathetically weak.,False,False,False,False,False,False,False,False,False,False,False,False
UggZTfTyS3k6ZngCoAEC,dG7mZQvaQDk,"+ ~ day day ~
+ thisisacommentary

Here's some truth for you!",False,False,False,False,False,False,False,False,False,False,False,False
Ugi2H0FCe-_y4ngCoAEC,04kJtp6pVXI,Let's get this straight and present the facts as the mass media should have from the beginning. 18 yr old (by all legal aspects an adult) robs a convince store. The criminal later flees the seen and is aprehended by the police. Resists arrest and altercation occurs between the two. The police (as in every case similar to this uses force). Criminal is killed. The killing goes to court. A randomly selected jury views all the evidence and hears out all witnesses which pertain to the case. Â Radom jury reaches unanimous verdict of not guilty. Im sorry protestors I can't here over all this DEMOCRACY!,True,True,False,True,False,False,False,False,False,False,False,False
UgiSldS-T_z0nHgCoAEC,TZxEyoplYbI,10:11 what fucking evidence of by evidence you mean the fact that he was a suspect in an armed robbery and the autopsy reports that's evidence that shows the cop is innocent God damn ,True,True,False,False,True,False,False,False,False,False,False,False
UggcFVNippHDgHgCoAEC,9pr1oE34bIM,Stefan - a fan of Rep. M. Rivers,False,False,False,False,False,False,False,False,False,False,False,False
Ugin-dBfgSlydXgCoAEC,TZxEyoplYbI,cops = pigs,True,True,False,False,False,False,False,False,False,False,False,False
Ugi8SNusKxJjQXgCoAEC,04kJtp6pVXI,"If people would obey the law, like normal human beings. This would never happen. <- WINNER",False,False,False,False,False,False,False,False,False,False,False,False
UgzszpWJSeuW2bNWqf94AaABAg,Dt9-byUhPdg,"police shot 1 black guy , & then the blacks riot ,!! when a black shoot a black , what happens ?? ,,,,,,,,,,,,,, ?",False,False,False,False,False,False,False,False,False,False,False,False
UggIG_k0Vua7F3gCoAEC,TZxEyoplYbI,y'all racists as fuck. god please bless america,True,True,False,False,False,False,False,False,False,False,False,False
UgilQ0CFxc2R2ngCoAEC,04kJtp6pVXI,"Bassem Masri is a criminal, a thug and a psychopath. He has no credibility, and no humanity. He needs to be locked in a jail cell. Time for the rubber-room and straight-jacket for Bassem. Get his intellectually dishonest butt out of the community.Â ",True,True,False,False,True,False,False,False,False,False,False,False
UggIYYD2qSkn73gCoAEC,9pr1oE34bIM,"you published this on Aug 17 , the ""truth'' is still to be uncovered, we know what is likely,You cant assume to know the entire story before its been investigated, The Feds are going to investigate the PD now going back years, not just in this case. I think were going to know more as time goes on, assuming you know all the answers before its been looked at under a microscope is misleading to people",False,False,False,False,False,False,False,False,False,False,False,False
UggAEGisedsvsXgCoAEC,9pr1oE34bIM,What injuries did the cop get treated for? ,False,False,False,False,False,False,False,False,False,False,False,False
UggJv-n9AXs0rXgCoAEC,9pr1oE34bIM,"Here is an intellectual and mature approach to this case

1- as a black man myself at 32 many of older black men or in prison, dead or stuck in the matrix as truthers struggling. Because there are no older men to guide these younger males, they often encounter police without understanding how to deal with a cop. Many of their role models come from rappers, who only advocate violence against police. So they are deers caught in the headlights of a potential life and death encounter. (Racism or Not)

2- Many black people are ranting about a hate crime, but clearly he assaulted the store clerk, which indicates the propensity of violence against Wilson. Stop pointing the finger and address the problems black teens have with their lack of male role models.

3-With that being said, black people need to address the alternatives of dealing with suspects/victims with non-lethal weaponry to deal with these encounters. If we as a race start to focus on solutions to a possible violent encounter with alternatives, then we can see progress with the police.

4- You can't go out and protest and burn down your communities in retalitation against a police, this only supports a theory that Brown was a product of a violent environment. Because how is burning down businesses going to solve the problem with the police department? This is counter-productive.

5-It was a hoax....",False,False,False,False,False,False,False,False,False,False,False,False
UghH4PsrC-Bt2HgCoAEC,9pr1oE34bIM,"The only real question that needs to be asked is this. ""Why would Mike Brown rush a cop who has already drawn his weapon and has already shot at him?"" The way you answer will show your true colors. To think that a Black male would disregard his own life, to kill a cop and escalate his punishment from probation (for petty theft) to the Death Penalty (for killing a cop) is utterly absurd. If you truly believe that someone who was going to start college the next week would do that, then I am sorry but you are a racist.",False,False,False,False,False,False,False,False,False,False,False,False
Ugxn7SN75hu9Zy7b3b14AaABAg,cT14IbTDW2c,Should of ran everyone of them over.,True,True,False,True,False,False,False,False,False,False,False,False
UgiFSYf7PhDUd3gCoAEC,9pr1oE34bIM,Good commentary. Â Perceptive and fair.,False,False,False,False,False,False,False,False,False,False,False,False
UgjfCR2P4UuH6XgCoAEC,dG7mZQvaQDk,"Body cams should also air what the police run into day to day.
Not just when the cop screws up.",False,False,False,False,False,False,False,False,False,False,False,False
Ugi47Eld1QATNXgCoAEC,dG7mZQvaQDk,"Dear Peggy, can you please be all of our Mother and run for president?",False,False,False,False,False,False,False,False,False,False,False,False
UghpqNHDIz3pMngCoAEC,04kJtp6pVXI,"Black and white crimes seems to be big topic in us after Ferguson case. I just came here to brag about Finnish cops that used firearm 6 times last year, 2 time towards human, 2 times to warn 2 times to kill wounded animal. 5 million ppl here and 0,5 gun per capita.",False,False,False,False,False,False,False,False,False,False,False,False
UgwBQ2I1InAYXkCfjjl4AaABAg,cT14IbTDW2c,The drivers should've pounded on them!,True,True,False,True,False,False,False,False,False,False,False,False
UggFa6gKjS21nHgCoAEC,dG7mZQvaQDk,This Lady should be the first guest speaker at all of Al Sharptonâ€™s rallies.Â  Seriously,False,False,False,False,False,False,False,False,False,False,False,False
Ugy7BbmfzEwfwqThTmV4AaABAg,cT14IbTDW2c,"Fucking idiots, get outta the way....some people gotta get to work!",True,True,False,False,False,False,False,False,False,False,False,False
UghcaI1aYuZeLngCoAEC,dG7mZQvaQDk,She is right Blacks are in the shitter because of themselves not the white man.,True,True,False,False,True,False,False,False,False,False,False,False
UghlxE3O2KiW0XgCoAEC,dG7mZQvaQDk,"You go girl!! ... have listened twice, retweeted twice (first from gateway pundent, second from youtube)Â  God Bless Ms Hubbard and God's speed with your vid.",False,False,False,False,False,False,False,False,False,False,False,False
UghHMimNd9cYxngCoAEC,XRuCW80L9mA,I just found this channel and its one of my favs already. ..thank u for the vids they r excellent. ,False,False,False,False,False,False,False,False,False,False,False,False
UgiFcOu0kpU9Q3gCoAEC,dG7mZQvaQDk,"Correction: Black ppl have NEVER been the most violent ppl on this planet.  Now some of what she is saying is true but, when it comes to this black on black crime shit,  don't just single my race out when the same shit happens with other races, all across the globe.",True,True,False,False,True,False,False,False,False,False,False,False
Ugj9BpURKo9iMXgCoAEC,dG7mZQvaQDk,"This older, white conservative says Peggy for Vice President! Could you imagine a Trump/Hubbard ticket? WOWEEE WOW!",False,False,False,False,False,False,False,False,False,False,False,False
UghcMPVXe6XJengCoAEC,04kJtp6pVXI,This guy doesn't know what happened he didn't have his hands up,False,False,False,False,False,False,False,False,False,False,False,False
UghBYihvgoUqcHgCoAEC,04kJtp6pVXI,CNN is such Bullcrap!,True,True,False,False,False,False,False,False,False,False,False,False
UgxCHPKIg1x0Y1y4idt4AaABAg,cT14IbTDW2c,I would get my car and start doing burnouts in their faces. Either move or get smoked,True,True,True,False,False,False,False,False,False,False,False,False
UgzlVLIiuPxm40LF05d4AaABAg,cT14IbTDW2c,"1)  Obstructing interstate commerce is a Federal Felony offence.
2)  The cops are useless.
3)   BLM is the democrats modern version of the racist terroristic KKK they also created.
4)  These are not protesters they are rioters.
5)  The drivers of the first row of cars are wimps.
6)  Imagine dying in a ambulance stopped in a traffic jam miles long.",True,True,False,False,False,False,False,False,False,False,False,False
UgyLxA__utHo58p6bhF4AaABAg,bUgKZMSxr3E,"Itâ€™s not that easy to be a cop. â€œI have a lot of friends that are copsâ€.  Joeâ€™s the kind of guy who thinks everyone is his friend.  I highly doubt he knows a lot of cops. He wouldnâ€™t say that they just through a badge on anyone.  Navy seals have only shown an aptitude to physical prowess.  These SJWs bring down a lot of peoples IQ.  Being a police officer is much more noble than being a critic,  and a know it all.  Yes there are bad cops just like there a new bad people in all walks of life.  Michael Brown should have just went to the sidewalk and not tried to force his will on a police officer.  What is this world coming to.  If a cop told me to walk on the side walk I would run.  To many of these kids want to be rappers and act like they are so hard.  There is nothing hard about robbing people and being a punk.  It is a tragedy that Michael Brown lost his life over something so trivial.  And yes I have had black friends that have gone through stuff I will never go through.  But you know what?  They didnâ€™t fight a cop,  and they are alive and making something of there life.  Respect authority and you will live.",False,False,False,False,False,False,False,False,False,False,False,False
UgijGlOjRf7hgngCoAEC,dG7mZQvaQDk,"Peggy, I know there are many more fine black women (and men) like you who are sick and tired of the violence and the blame. Thanks for speaking up!",False,False,False,False,False,False,False,False,False,False,False,False
UgilNUPOY8iZqHgCoAEC,04kJtp6pVXI,This guy is a moron.,True,True,False,False,False,False,False,False,False,False,False,False
UggqGxEmXED_sXgCoAEC,9pr1oE34bIM,Its all a hoaxÂ ,False,False,False,False,False,False,False,False,False,False,False,False
UgwmCnUQnl3h1ueHgYJ4AaABAg,bUgKZMSxr3E,You can't shoot tear gas at professional soldiers but members of the public in your own country is absolutely fine!!,True,True,False,True,False,False,False,False,False,False,False,False
UghFPq5wKq9DUHgCoAEC,9pr1oE34bIM,"For all you people saying the cop was justified heres a new video with more witnesses saying Mr Brown had his hands up.Â 

http://www.cnn.com/2014/09/10/us/ferguson-michael-brown-shooting-witnesses/",False,False,False,False,False,False,False,False,False,False,False,False
UgjI7Oy_v6z_k3gCoAEC,04kJtp6pVXI,"They are protecting and serving us, from people like Michael Brown. The guy deserved to be killed, cry more about it...",True,True,False,True,False,False,False,False,False,False,False,False
UgijB5AT7Ka-rngCoAEC,04kJtp6pVXI,CNN youse guys going too far I'll tell you what you doing so that bad is going to happen very bad it's all going to benefit you I don't care how much money you have Ellen and better for you to be like all the rest was be careful what you put out there you put Russia in between this be careful we have kids,False,False,False,False,False,False,False,False,False,False,False,False
UgiLP4HQY3jn8ngCoAEC,04kJtp6pVXI,Cnn...so out of touch..close up idiots.. people are watching for the comedy of reporting.lol,True,True,False,False,False,False,False,False,False,False,False,False
UgjRwOEG-KGWMHgCoAEC,TZxEyoplYbI,"If you think I am nit upset about the white people as much as the black people who get shot by police every day, you would be ignorant as fuck. 

Racism is nit the only problem here, its the militarized police we are seeing. 

Down with police culture! I'm just as sick as being disrespected by police as any black man. 

If they use violence, you best bet all of logical America will fight back, despite the colour of their skin! 

Go Furgson, next time bring your own guns and shoot back!",True,True,False,True,True,False,False,False,False,False,False,False
Ugx4fyjV8vfvS_V7eEN4AaABAg,cT14IbTDW2c,Very weak display from law enforcement.,True,True,False,True,False,False,False,False,False,False,False,False
UgiMG4rmSGTPFHgCoAEC,04kJtp6pVXI,This guy is my hero.,False,False,False,False,False,False,False,False,False,False,False,False
Ugx0VHABFGxwIfF_zOV4AaABAg,cT14IbTDW2c,"some get pay to protest, and so if you ask what they protesting some have no idea but just flow along,,, by all mean i would run them over and the most fuck up system in us is they cant be arrest but those drive thru them will be arrest that's fuck up system in america, it's ok to have the voice and the right but at no right block off traffic",True,True,False,True,False,False,False,False,False,False,False,False
UgipNLxmdYq6C3gCoAEC,9pr1oE34bIM,That is the best opinion yet. I definitely would of used deadly force myself against someone charging at me after assaulting me prior to that. I carry a gun everywhere I go cause this world is getting crazy.  Thanks for that I'm sharing to everyone I know. ,False,False,False,False,False,False,False,False,False,False,False,False
Ugi4LI1VSkQrvXgCoAEC,cT14IbTDW2c,look at the dimwad police...escorting back the people being held up...idiots,True,True,False,False,False,False,False,False,False,False,False,False
Ugw1DPfPxRKkqstwYSF4AaABAg,cT14IbTDW2c,The only time I'd want to see a sniper in the bushes start picking them off one by one,True,True,False,True,False,False,False,False,False,False,False,False
UggRBB-UTTgC_XgCoAEC,bUgKZMSxr3E,"Hey Rogan tell them "" good cops ""Â  to put them bad ones in jail",False,False,False,False,False,False,False,False,False,False,False,False
Ugj0Z8ZQzjZMq3gCoAEC,9pr1oE34bIM,The chief is not black you are lyingÂ ,False,False,False,False,False,False,False,False,False,False,False,False
Ugiz1wqOhehmZngCoAEC,9pr1oE34bIM,I was with this till he started advocating 2 parent families in 'black' communities and totally lost me from there.,False,False,False,False,False,False,False,False,False,False,False,False
Ughd_2zFh-O-93gCoAEC,XRuCW80L9mA,There are a lot of disgusting people in the comments trying to rationalize their casual racism and poor understanding of the contextÂ ,False,False,False,False,False,False,False,False,False,False,False,False
UghRrNwbr5KBengCoAEC,9pr1oE34bIM,"This video would be more interesting if Stefan were taking his clothes off. He is so sexy! After all this case is really not that hard to understand. Why would a cop who had a good record for 3 years of service shoot a teenager with his hands up? The witness and friend lied which started the protests and a snowball effect then ensued. All you have to do is watch the video in the store and it shows Brown was aggressive. Is it so hard to believe from that evidence that he made a huge error in judgement in fighting a police officer? No, it is not.Â ",False,False,False,False,False,False,False,False,False,False,False,False
UgikjrljA1NcWXgCoAEC,9pr1oE34bIM,Thank you +Stefan MolyneuxÂ  for sharing your logical and rational evaluation of the occurrences of this incident.,False,False,False,False,False,False,False,False,False,False,False,False
UggD1aYSn7KOR3gCoAEC,04kJtp6pVXI,I agree with the protestor.,False,False,False,False,False,False,False,False,False,False,False,False
UghTCrl4YYJ-qHgCoAEC,04kJtp6pVXI,bassem I think walmart is hiring for the holidays. get a job loser!!!,True,True,False,False,False,False,False,False,False,False,False,False
UgjPoCiqD_x21HgCoAEC,9pr1oE34bIM,"People I know on the ground are saying most people from Ferguson are saying it's not a black/white thing. It's cops over stepping their boundaries. He said the protest during daylight is peaceful and ""tailgate"" like. Then the cops come in military-like and overreactive. FWIW",False,False,False,False,False,False,False,False,False,False,False,False
UghjQVeY1l_NJHgCoAEC,9pr1oE34bIM,"100% agree, people are up in arms, but they need to find out more information before rioting. Thinking that getting high or doing drugs then robbing a store carelessly and then walking in the MIDDLE of the street and screaming at a cop + attacking and reaching for the gun is ""unarmed"" (not to mention his size either) then people are VERY gullible. I find it funny how all races are racist to each other and blacks are racist to whites, but every single time someone is ""racist"" to a black person then everyone throws their hands up and gets pissed off at white people. I am not a racist person, but I don't want to sit here while everyone believes that white people are the only racist people just because what happened in the past, makes me sick to think I have to grow up in this generation.Â ",False,False,False,False,False,False,False,False,False,False,False,False
UghBotl7zRd2y3gCoAEC,9pr1oE34bIM,Here I was thinking I was getting a bunch of facts. Lean is not made with skittles and iced tea. Wilson did not know about the robbery. This video is a bunch of poppy cock! Thank you for wasting my time.,True,True,False,True,False,False,False,False,False,False,False,False
Ugj9JrBQSvQ1mHgCoAEC,04kJtp6pVXI,This guy is a dumbass. He claims that policed hired thugs took his phone and shot off rounds without any evidence to back his claims.,True,True,False,False,False,False,False,False,False,False,False,False
UgihSHhY4D6RH3gCoAEC,dG7mZQvaQDk,yeah what she said save us some tax dollars so we can buy parts for are harleys and ARs LOLOL,False,False,False,False,False,False,False,False,False,False,False,False
UgiQV3A3PLtAMHgCoAEC,TZxEyoplYbI,How can I be a Vice News Dispatch?,False,False,False,False,False,False,False,False,False,False,False,False
Ugg9a6FtoXdxmXgCoAEC,04kJtp6pVXI,here people his facebook isÂ https://www.facebook.com/bassem.masri.520 he has ties with isis and other terrorist groups he is a muslim extremistÂ ,True,False,False,False,False,True,False,False,False,False,True,False
Ugga9KzkNDGvlXgCoAEC,04kJtp6pVXI,"Check out this you tube post. ""Black man goes on an epic rant against Ferguson rioters.""

Although his message is delivered with childish, cartoon-ish emotions.... He is one of the very few African American's who gets it.",True,False,False,False,False,True,True,False,False,False,False,False
UggBlIXoph7p-3gCoAEC,04kJtp6pVXI,I would LOVE to see this pussy go to Staten Island and spit on a cop. I would LOVE to see it happen. Mike Brown was a strong arm thug and people are burning Ferguson down. Eric Garnier did nothing wrong and was choked to death. No protest on mafia controlled Staten Island. No burning cars. Nothing. ,True,True,False,False,True,True,True,False,False,False,False,False
UggMY2Oggks5LngCoAEC,04kJtp6pVXI,We all know with the chimpers there is no compassion in their mud pumping hearts. ,True,False,False,False,False,True,True,False,False,False,False,False
UggPT9Z38D5yt3gCoAEC,04kJtp6pVXI,Bassem Masri is a terrorist part of isis,True,False,False,False,False,True,False,False,False,False,True,False
UggWg1MBoBR7x3gCoAEC,04kJtp6pVXI,He looks ready to cut heads off he must be a isis sympathizer and I'm going to say maybe 5% care about the issue at hand and other 95% just want to go loot stores and fuck shit up...,True,False,False,False,False,True,False,False,False,False,True,False
Uggy6MHKQWnfo3gCoAEC,04kJtp6pVXI,This man is a zionist jew look at ypu can see the jewnesss in his face  cnn only employ zionist sympathisers and neo-con racists and wolf blitzer is the emplpyeee ,True,False,False,False,False,True,True,False,False,False,False,False
Ugh4DQdAIl3qUXgCoAEC,04kJtp6pVXI,"Hers my statement, I think ali sheep butt fucker masri should take an ak and go fight in syria..",True,True,False,True,True,True,True,False,False,False,False,False
UgheEXayk90xIngCoAEC,04kJtp6pVXI,"Masri is a total idiot ""I don't have to know the evidence, I can just come to my own conclusions instead""
Here is a clue, dont attack a cop and try to take his gun and then rush him after he finally gets out of his car and you wont get shot duhhh.
So what would Masri do, take Brown out for a icecream as he is beating him into the ground and not defend himself?
BTW, Browns momma and gramma violently assaulted some people who were selling T-shirts in memory of Brown and put two people in the hospital, stole their money and trashed their shop and will probably be charged for it, so we all know what sort of mentality Brown was raised in and he was a thug wanna be, who caused his own death.",True,True,False,False,False,True,True,False,False,False,False,False
UghIBNvkzZh-xHgCoAEC,04kJtp6pVXI,"Let's reverse the rolls! Black racistÂ cops in rich white communities.(but you can't prove there racist)Â When a white man gets pissed off at this intolerable condition. We unload several clips of high caliber ammo at point blank range for his audacity at questioning authority. All Americans need to be on full alert of this elitist agenda to set presidents of questioning authority. The elitist upper-class is the problem. Prison culture CIA drug Cartels. Exporting jobs and importing cheap labor, While the elitist get bailed out and support this corrupt system. We can turn this around when we c get past the race issue the Govt. incites to divide the working class, but you can hardly call it a working class because the Govt put everyone out of work. We are more of a homeless class. Let us not for get Western history and the role big money plays in this clusterfuck designed to destroy a Nation that is Destroyed at this point. We can get it back, ask me how.",True,False,False,False,False,True,True,False,False,False,False,False
UghlkAzZr3_fI3gCoAEC,04kJtp6pVXI,Can someone shoot this black idiot too? That would make me giggle inside :),True,True,False,True,False,True,True,False,False,False,False,False
UghmRzgOUqMozXgCoAEC,04kJtp6pVXI,The world is changing im mad at the police too but id be dam if isis gonna come in here thats when its time to kill these faucks,True,True,True,True,False,True,False,False,False,False,True,False
UghR9QQYvJx-RHgCoAEC,04kJtp6pVXI,This Muslim man does not have anything in mind of peace. He wants to stir up dissonance and trouble among Americans by using racist accusations . THAT IS HIS MAN GOAL.,True,False,False,False,False,True,False,False,False,False,True,False
UghVbr3QCu8ckngCoAEC,04kJtp6pVXI,"YEahÂ  You are right 1 white shot aÂ  black all hell breakÂ  lose , black shot black no protest maybe if they start doingÂ  protest on black shotting black , you can buy in thier story ,",True,False,False,False,False,True,True,False,False,False,False,False
UghVVDZrCYMG_3gCoAEC,04kJtp6pVXI,"Lets Steal from a convenience store then lets go and punch a cop in the face and get shot 6 times, then lets get all the black people and white apologists to run around the street setting buildings on fire, fucking dirty gutter rats all living on welfare and causing violence , just look where the rest of black people live... on the dirties Ebola plague ridden continent, lucky white countries can come over and cure their dumb asses.",True,False,False,False,False,True,True,False,False,False,False,False
UghWdXOwEJc0eHgCoAEC,04kJtp6pVXI,What a stupid arab. Police shoot to apprehend? Lmao That's not how it works when they are being attacked!,True,False,False,False,False,True,True,False,False,False,False,False
Ugi0Cfb82xGsongCoAEC,04kJtp6pVXI,"What an ignorant coward, full of emotion, estrogen and apathy. And where the hell did you come from? Fuckin racially ambiguous blackwashed loudmouth. They really chose a pathetic man to interview.Â ",True,True,False,True,False,True,True,False,False,False,False,False
UgiBZnwqmnNYUXgCoAEC,04kJtp6pVXI,If you act like animals you get treated like animals,True,False,False,False,False,True,True,False,False,False,False,False
UgiIASdSnR-gi3gCoAEC,04kJtp6pVXI,"Proof Blacks aren't victims:
1. Statistically Cops kill more whites than blacks, yet whites see them as necessary because they save more lives than they cost, while places like Ferguson lose their minds.
2. Statistically 93% of murdered blacks are killed by other blacks, with whites consisting of 3% of the murderers and 4% being the other races.
3. Whites were enslaved by blacks first, and for over 150 years. This was when Europeans(the same race that started America and later enslaved Africans) began searching North Africa to establish trade of goods between natives. From the 1520s to the late 1600s whites were enslaved first. Later the tables turned. This boys and girls is called 'Karma.'
4. Statistically over 50% of murders in the US alone are from Blacks, despite them making up only 14.1% of the entire US population, while despite whites make up 63% of the US population they only make up 46% of the murders.
5. Whites make up 38% of welfare recipients with blacks making up 39%. This doesn't seem extreme until you realize that 39%(blacks) consists of that 14.1%, whith that 38%(whites) making up 63% of the US. Meaning each individual black person is about 5 times as likely than whites to use welfare.",True,False,False,False,False,True,True,False,False,False,False,False
UgiId66Fu7KrDXgCoAEC,04kJtp6pVXI,"White man can't finish his sentence
America needs to wake up!!the truth of murder is there!",True,True,False,False,False,True,True,False,False,False,False,False
UgiLaetJkobicXgCoAEC,04kJtp6pVXI,"Shoot to apprehend? Easier said than done.. When the evidence was presented, Michael brown was still attackin darren after he was shot twice.... People have this misconception, like in the movies, that one gun shot anywhere to the body, will disable an attacker. This is a false belief.. There are cases of people still attacking or running after they've been shot 2-3 times. For god sake, 50 cent was shot 9 times and he's alive... When you're being attacked by a 6 ft 3 200 somthing pound person, and you're on your back, it's hard to say I""m just goin to shoot to apprehend. Had michael brown copnducted himself like a gentleman, this wouldn't have happened. He was an aggresive piece of shit, and this muslim shit head isn't any better. He's filled with rage and doesn't have the answer for anything. Progression comes from tolerance not violence.",True,False,False,False,False,True,True,False,False,False,True,False
UgiSRMPdr7U1M3gCoAEC,04kJtp6pVXI,Arabs Hate black people. This ISIS sympathizer just wants to call it his community. Nonsense.,True,False,False,False,False,True,True,False,False,False,False,False
UgiStOF4aTGzkHgCoAEC,04kJtp6pVXI,I can't for the life of me understand why people think that Mike Brown was a martyr for some cause. The man was a criminal. Are all black people criminals? Absolutely not. Are there white criminals? Hispanic criminals? You betcha. If the situation was EXACTLY the same but the races were reversed there would not be an issue at all.,True,False,False,False,False,True,True,False,False,False,False,False
UgiXAtoQ6AKQh3gCoAEC,04kJtp6pVXI,"THIS ARAB PIECE OF SHIT,,, ACTING LIKE HE GETS HARRASSED,, HE OR HIS PARENTS OWN A STORE AND YET HE ACTS LIKE HE GETS TREATED LIKE BLACK PEOPLE LOL... the same people who steals from his store,, what a moron piece of shit",True,True,False,False,True,True,True,False,False,False,False,False
Ugj6hV7kfq8NZ3gCoAEC,04kJtp6pVXI,Islamic Terrorist insighting hatred and violence under the disguise of an african citizen its time that american citizens realise their true enemy is islam and not black or white people,True,False,False,False,False,True,False,False,False,False,True,False
UgjaIDpGIJRjungCoAEC,04kJtp6pVXI,"Brown isused as an excuse to loot take peoples shit and destroy neighborhoods , haaaa typical ghetto bullshit. Ya ain't even hood, ya just ghetto bitches collecting free rent from the govt while fighting the govt. same occupy Wall Street fagets have nothing else to do , go clean the highways !!!!!",True,False,False,False,False,True,True,False,False,False,False,False
Ugj-d4OvbPSsp3gCoAEC,04kJtp6pVXI,"My thought of this ""waste of skin' catching his just Â desert at 3300fps wouldn't make me a popular guy withÂ Â the ""no freeÂ people allowed"" party. But I don't live on the bookends of this country. The rest of you libshits' would do yourselves justice to know theÂ MAJORITY ofÂ Real AmericansÂ despise you in every way. Know It and own it. Every day you continue to exist is because ying must have yang motherjumper!",True,True,False,False,True,True,False,False,False,False,False,False
Ugjek7V9EALpd3gCoAEC,04kJtp6pVXI,"STFU YOU MUSLIM PIECE OF SHIT!Â  the cops should have fired ten rounds into his ass.

or better still... lets cut his head off and pour pigs blood down his throat. I am willing to bet it was them dirty fckn Islamic bastards that set those fires and not even the blacks that did.",True,True,True,True,False,True,False,False,False,False,True,False
UgjKH2wDH7jQ3ngCoAEC,04kJtp6pVXI,"I find it amusing how all of these protesters claim they're fighting against racism but yet they are blind to their own racism. There have been several reports of black people attacking white people. Just a couple of days ago, it was reported that a white man was beaten to death with a hammer by black teens in St. Louis. Yeah clearly no racial intent there. Fucking hypocrites.Â ",True,True,False,True,False,True,True,False,False,False,False,False
UgjodqpHT_cLnHgCoAEC,04kJtp6pVXI,If a black officer shot a white guy it would be fine by black people.  I'm not a racist. ,True,False,False,False,False,True,True,False,False,False,False,False
UgjP7lbdAZIARXgCoAEC,04kJtp6pVXI,"OMG! IT'S A TERRORIST! AN ISIS UNDERCOVER-AGENT! What are you doing, Americans???? ARREST HIM!",True,False,False,False,False,True,True,False,False,False,False,False
UgjqOULoobsFBXgCoAEC,04kJtp6pVXI,This is not your counties go back to he middle east that's your counties b,True,False,False,False,False,True,True,False,False,False,False,False
UgjrGaGIqNBEk3gCoAEC,04kJtp6pVXI,"Why is it that in the history of mankind where people of all color, creed and cultures have found a way to rise out of the ashes of oppression for their self betterment and self preservation, EXCEPT for the blacks??????????????! WHY? Please enlighten me to this unknown phenomena.",True,False,False,False,False,True,True,False,False,False,False,False
UgjuofaJSKK4uXgCoAEC,04kJtp6pVXI,"One feral hoodlum put down, the rest of us no longer need to fear his thuggish behavior. Upset about that? Blame his parents- they failed to raise him right and provide proper supervision. Or, he was just defective from the start. Either way sounds like a case of quality control to me. Thank you Officer Wilson for doing your job.",True,False,False,False,False,True,True,False,False,False,False,False
UgjV8NXrlSv2VngCoAEC,04kJtp6pVXI,We need to get back to basics. When these savages riot or protest use the German Shepard's. then shoot these animals...,True,True,True,False,False,True,True,False,False,False,False,False
UgjvVnP2cOilnngCoAEC,04kJtp6pVXI,"That Arab is rapping 3:14
Go ahead bro....LOL
So getto he is",True,False,False,False,False,True,True,False,False,False,False,False
UgjzR_tdZMjDS3gCoAEC,04kJtp6pVXI,"â€œDo White children deserve to have a future?
Tens of millions of non-Whites flooding into White countries every year will, in a few decades, mean that Whites will be a minority in every country they founded.
Black countries will remain majority Black, and Asian countries will remain majority Asian.
Only White countries will be affected by this. This is genocide under international law.
But anti-Whites donâ€™t call it genocide; they call it diversity.
Diversity means chasing down every last White child.
Anti-racist is a codeword for anti-White.â€",True,False,False,False,False,True,True,False,False,False,False,False
Ugy6oqzu8FkIxZzVJyJ4AaABAg,04kJtp6pVXI,he can go back where he's from period big mouth MORON,True,True,False,False,True,True,True,False,False,False,False,False
UgzC_c8tgugNMnlG48N4AaABAg,04kJtp6pVXI,"Muslims like to spit on white people.
Brought in by Muslims or nggrs I still wait for my  big plasma cheap  tv looted in some shop.",True,False,False,False,False,True,True,False,False,False,True,False
UgzqKHuL0a2Rw3aQw3J4AaABAg,04kJtp6pVXI,Yep a Muslim bitch,True,False,False,False,False,True,False,False,False,False,True,False
UggOHjEF4Yr5p3gCoAEC,4rCweDxDqdw,"THE UGLY TRUTH:

If you talk like a THUG, act like a THUG, walk like a THUG, and live like a THUG... Then you will die like a THUG!

""Live by the sword die by the sword."" - ""Don't hate the player, hate the game!""

This was not an innocent little child just walking down the street who got shot in the back. If we cannot blame the parents then we must look at the individual who in this case was an adult.Â 

What kind of music did he listen to?
What kind of videos did he view?
Who were his role models?
How did his environment affect him?
Who were the enablers?
Who did he associate with?
But most importantly, when will he be accountable for his own actions? Unfortunately, on this day, he chose the wrong pathway to his fate.Â 

You cannot rob a store and call it shoplifting. Heck, you might as well call it borrowing without permission.Â 

This was not his first crime and there were probably many unrecorded (not caught) negative actions by Mike Brown (MB). You cannot assault another human being without consequences. Or should we say ""he was just playing, it was no big deal, or it was childish"". Get real folks. The riots, looting, attacks, and threats has nothing to do with MB. It has to do with a culture who feel they are entitled and will use any excuse or propaganda to find any excuse to commit crimes in the name of ""No Justice - No Peace!""

Hands Up - Don't Shoot!"" - Please this culture needs to STOP, ""Pants on the ground, Pants on the Ground, Looking like a Fool, with your Pants on the Ground! Hat turned Sideways, Gold in your mouth, Looking like a Fool, with your Pants on the Ground!""

Let me say, THIS IS NOT ABOUT RACE! THIS IS NOT ABOUT LACK OF JUSTICE!Â 

JUSTICE, naturally in the street, will usually end in tragedy. This was the result of an immature with no respect THUG who believed he could use his size to intimidate. He probably did it in school and we know he did it in the street.

--------- REAL PARENTS (or those around them) would have not called what MB did ""Childish"". That was not, nor is childish behaviors. His behaviors were felonious and criminal. And to be frank, would have probably cost him his life elsewhere at a different time. REAL PARENTS would have stated, ""This was my son. What he did was wrong in this store and to the clerk. If in fact, the evidence shows my son assaulted this officer, and posed a threat by going after the officer before the shots were fired... Then may our son rest in peace as his actions we do not condone but this consequence was just due to his own choices and actions. We unconditionally love our son. However, we also forgive the officer. We apologize to the store clerk and we hope as a family and people can move on only to learn, our actions and how we live dictate our consequences, be it positive or negative. We would also like to support alternate methods in the event this does happen again using non-lethal weapons such as rubber bullets, taser, mace, etc. ----------- And to those who truly support change - NO SILENCE - NO VIOLENCE.

There is no sugar coat here. As a human, as a race, we need to be accountable for what we say and do.Â 

Lastly, If the officer was racist and he did shoot MB without rhyme or reason, or if he in fact, just targeted MB & DJ because they were black, and decided to gun down MB (in the back and front) even though he surrendered peacefully with his hands raised, THEN I would side with MB and those who support the cause.

But unfortunately, the evidence thus far does not support the above paragraph.Â 

Question 1: Would this still be the reaction, if the officer were a female?

Question 2: Would this still be the reaction, if the officer were Black/African American?

Question 3: Would this still be the reaction, if Mike Brown was gunned down by a peer of his own race?

Question 4: Would this still be the reaction, if Mike Brown were White?

Question 5: Would this still be the end result (death), if Mike Brown was productive at home, work, or school other than running the streets?

To the people:

""Nothing in the world is more dangerous than sincere ignorance and conscientious stupidity."" - Martin Luther King, Jr.
I think it is safe to say, we are living in dangerous times because of this simple fact proving Â this Martin Luther King, Jr.'s quote. Â Unfortunately, it is coming from his own race and those supporting a lost cause.

To the people who cry wolf...

MJ

Please Repost!ï»¿",True,False,False,False,False,True,True,False,False,False,False,False
UggrBEWmmOsJq3gCoAEC,4rCweDxDqdw,"People say blacks play the victim. 

But according to the comments its our fault that  the elected officals are racists. 

Whites had a good thing going in Missouri but they had to be racist.  

All white folks do is point fingers.  
Take these punk bitches out of power.  

We goin back to racism. 

Deport everyone else.  

 ",True,False,False,False,False,True,True,False,False,False,False,False
UghSrKWXiIw663gCoAEC,4rCweDxDqdw,"Perhaps you should start teaching blacks that law and education is important, instead ofÂ treating them as special snowflakes?",True,False,False,False,False,True,True,False,False,False,False,False
Ugi4kKODyEmlvXgCoAEC,4rCweDxDqdw,"Someone has to say this so I will.
With the way most black people behave no wonder Ferguson is such a shitty place.
Most black people in the US are so fucking lazy.
I am saying this because of countless examples from my life:
1. My grandmother got a black house nurse once and the bitch did nothing all day. When my grandmother complained to the agency they sent a different woman (wasn't black) that cleaned the entire house in 4 hours.
2. My mom works at a hospital as a nurse and all her black co workers constantly do nothing and are lazy.
Now once again. not all black people are like this (one of my best friends is black and I like him like a brother) but most of them are. The fucks expect to get everything they want only because their ancestors were once slaves.Â 
Well, Hitler killed most of myÂ ancestors, do you see me with sagging pants and crying like a stupid bitch about it like those stupid black people?

The inequality of representation is probably because (again) black people are generally lazy or lack the skills required to hold such positions.Â 
The household income ties into my previous point (lazy/lacking skill = lower income jobs).
The dropout rate from school need to be taken against the black people atÂ Ferguson, because, once again, how will you hold a high paying job if you didn't even graduate fucking high school?
The 80% worse healthcare is once again tied into the low income. More money = better doctors.
As for the inequality of enforcement, I have to give you that one that is completely unfair, however, when looking at black officers they frisk mostly black people as well, hmmmm..... interesting? maybe.",True,True,False,True,True,True,True,False,False,False,False,False
UgjeXpjsshe9GHgCoAEC,4rCweDxDqdw,What's with all the dislikes? White people are that offended? You thought racism wasn't an issue anymore....think again,True,False,False,False,False,True,True,False,False,False,False,False
UgjhYhKJO47d-XgCoAEC,4rCweDxDqdw,"Â Did the IDIOT reporter do the survey on the percent of blacks that are involved in the following:- Gang Activities
ShopLifting
Car Jacking
Robberies
Robberies with assault
Teenage Pregnancies",True,True,False,False,False,True,True,False,False,False,False,False
UgjTdFn9GIs9dngCoAEC,5vF4si3hoRA,"And in this section ladies and gentlemen, you will see black people misbehaving. I wonder what would happen if everyone rioted when court decisions do not go their way.",True,False,False,False,False,True,True,False,False,False,False,False
UghuRUmx8vyL8HgCoAEC,8HB18hZrhXc,"USA land of the free baby. HAHAHAHA! All you people not living in USA, should be thankful everyday. This is the worse country on earth.",True,False,False,False,False,True,True,True,False,False,False,False
Ugi_8PajECy1t3gCoAEC,8HB18hZrhXc,no dumber people on earth then americans,True,False,False,False,False,True,True,True,False,False,False,False
Ugj0Rz556abCWXgCoAEC,8HB18hZrhXc,awesome job from our law enforcement now send off to disrupt & tear down all the Islamic extremist radicals in America thanks....,True,False,False,False,False,True,False,False,False,False,True,False
Ugy-S1A2qBkifEb2E-94AaABAg,8HB18hZrhXc,Blue lives letâ€™s matter send those BLM commies our of our streets,True,False,False,False,False,True,True,False,False,False,False,False
Ugg_vc9Qh3OaNHgCoAEC,9pr1oE34bIM,"Our shit serving media concocts a story, white cop kills an innocent black teenager, which is bullshit, to get the ""black community"" up in arms, they burn shit down..more stories for these useless talking heads to get in front of a camera with. At least once a week i see a black on white crime reported on the news..no national attention , no federal involvement...wtf? Black men need to stand up and be fathers and stop looking for excuses.. fuck yall.. all yall.",True,True,False,False,True,True,True,False,False,False,False,False
Ugg5cceWlk2wKXgCoAEC,9pr1oE34bIM,"You know its crazy.... I actually came across your video about bitcoin while trying to learn more about it and knew you looked familiar.... I took the time to look at some of Mike Browns personal profiles myself specifically his soundcloud.Â While I do think he is guilty of representing himself in the wrong light and maybe of stealing he still didn't deserve to die. The fact that WHITE people like yourself continued to insinuate it is ridiculous and shows your clear lack of empathy and sympathy. It seems you all are more like the ""animals"" you think we are..... And its especially offensive looking back at these videos 3 years later when hip/hop rnb (OUR BLACK CULTURE) is the biggest thing and media and you still dont understand our perspectives. To say Trayvon Martin was making lean in on of your other videos shows how ignorant you truly are as well. Sprite or Fanta or a CARBONATED DRINK is used when making lean....Not tea....",True,False,False,False,False,True,True,False,False,False,False,False
Ugg7tmaAPXIEingCoAEC,9pr1oE34bIM,"This is the typical mindset of white people ( not all white people but most). He deserved it . So I say to you, people like Sean Hannity are feuling the fires of prejudice and racism. Don't let these people influence you. They want a race war so they can start marshall law.",True,False,False,False,False,True,True,False,False,False,False,False
UggbUWQabAV4KHgCoAEC,9pr1oE34bIM,"I wonder how big of a crater Thug Brown made in the street when he met the final shot to the melon. You get what you sew... 

BLM - When Truth and Facts Don't then they Shit in their own Kitchens before they get the right directions to the toilet.",True,True,False,False,True,True,True,False,False,False,False,False
UgghcjortIFxa3gCoAEC,9pr1oE34bIM,"If blacks want respect, then speak, act, and dress like the Huxtable family. You want to be treated with prejudice then speak, act and dress like known gangsters, steal things, act like you own the street!",True,False,False,False,False,True,True,False,False,False,False,False
Uggl6OZkHnqeeXgCoAEC,9pr1oE34bIM,a thug going to collegeÂ  black peopleÂ  are alwaysÂ  crying..Â Â Â  what about the American IndiansÂ  I don't see no one crying for them.....Â Â ,True,False,False,False,False,True,True,False,False,False,False,False
UggOThSsQKcee3gCoAEC,9pr1oE34bIM,since we now know that he never held his hands up.Â  Anyone who raises his hand up to show he is against the police of Ferguson is a racist scumbag.Â  Watch tv and count them.Â  There are a lot of racist scumbags out there.,True,False,False,False,False,True,True,False,False,False,False,False
UggRpy1F0-C0j3gCoAEC,9pr1oE34bIM,ALSO LOVE HOW THEY ONLY SHOW PICTURES OF BROWN AS AN ANGEL AND NOT AS A TUG.,True,False,False,False,False,True,True,False,False,False,False,False
UggtDZYM0C-TVngCoAEC,9pr1oE34bIM,death ti the white devil,True,False,False,False,False,True,True,False,False,False,False,False
Ugh0cRtTZI7i4ngCoAEC,9pr1oE34bIM,"There one was a thug named Brown,
Who rushed at a cop with a frown.
Six bullets later, he met his creator.
And then his homies burn down the town.",True,True,False,True,False,True,True,False,False,False,False,False
Ugh4W1Xv2z1RHHgCoAEC,9pr1oE34bIM,"Remember,the looting(stealing) by the blacks is purely and only to gain free goods.All in the name of Mike Brown.Yea right.It's an excuse to steal-pure and simple.A good ,concise introspective Steffan.Some folks live off grievance.This follows perfectly after the white guilt segment.Keep em rollin.",True,False,False,False,False,True,True,False,False,False,False,False
UghCYfz3QB2s-ngCoAEC,9pr1oE34bIM,"LOL, trayvon's online name was ""nolimitnigga"". how is it again people got mad that a piece of human trash like that got shot?",True,True,False,True,False,True,True,False,False,False,False,False
UghivPrM-uOduXgCoAEC,9pr1oE34bIM,This 18-year-old was just another useless negro who could barely pass inner-city high school. I'm glad he was shot dead on the street like a dog.ï»¿,True,False,False,False,False,True,True,False,False,False,False,False
UghlR9W-Id-xQ3gCoAEC,9pr1oE34bIM,"He doesn't look like a ""gentle giant"" to me. (on the video of him robbing and stealing)Â 

He looks like just another disgusting, thieving, thug.Â ",True,True,False,False,False,True,True,False,False,False,False,False
UghnBX5IHvqDxHgCoAEC,9pr1oE34bIM,"+Stefan Molyneux 	 	 	 	
Why do you hate Blacks so much? Actually I am not surprised, it's the bloody British in you. You people conquered us, when we did absolutely nothing to you. The more freedom we gain as the decades go on, the more you hate us.

If you weren't so pale, one would wonder if your mother was a Black woman.",True,False,False,False,False,True,True,True,False,False,False,False
UghR_lflp3-nJngCoAEC,9pr1oE34bIM,"Your ""gentle giant"" seems to have robbed a store and later assaulted an armed police officer! So much for the school boy look you were hoping for, thug life comes with a high price.",True,False,False,False,False,True,True,False,False,False,False,False
UghRGHXTHqudOXgCoAEC,9pr1oE34bIM,"It is better for society, for the ""greater good,"" that Michael Brown went off the rails now, before he got ushered through college life on an athletic scholarship and became a ""Brown killer"" like O.H.Simpson. became.Â  O.lJ. was found civilly liable, y'know.",True,False,False,False,False,True,True,False,False,False,False,False
UghV86XDpeXqN3gCoAEC,9pr1oE34bIM,Was Stefan ever a victim of police discrimination? The game of white supremacy is to deny aNY involvement and play the victim when blacks complain..it never fails watch the comments,True,False,False,False,False,True,True,False,False,False,False,False
Ughx64L4ti9Xd3gCoAEC,9pr1oE34bIM,"If Michael Brown was Asian, his name would be Dindu Nuffin Wong",True,False,False,False,False,True,True,False,False,False,False,False
UgiDwqea9kPlTXgCoAEC,9pr1oE34bIM,This man has an intelligence the average black man can't comprehend.  Its like a dog trying to figure out how man makes a house.,True,False,False,False,False,True,True,False,False,False,False,False
UgihE6xeiPTihHgCoAEC,9pr1oE34bIM,Link between poor little tryvon martin and little mr brown? Yeah they were both thug's that tired to beat the white person into the ground and got shot for their effords...end of story,True,False,False,False,False,True,True,False,False,False,False,False
UgihxPDXGDbsyXgCoAEC,9pr1oE34bIM,Michale brown got what he was asking for the black protestors are racist against whites that is what's happening ,True,True,False,True,False,True,True,False,False,False,False,False
Ugij7I2Fqtdb8HgCoAEC,9pr1oE34bIM,"I believe in those photosÂ the gentle giantÂ and his accomplice are giving gang signs, no? Even if Brown did raise his hands in surrender, maybe he realized he'd blown it, could get in trouble, and by then Officer Wilson's adrenaline was running high and reacted. Officers don't hesitate or they'd lose their lives. Lord knows there's no such thing as a thug that goes to college? Look at all those angelic professional athletes that keep getting arrested. What crap we're being fed. I'm disgusted.",True,False,False,False,False,True,True,False,False,False,False,False
Ugj5pbZpyIAJUHgCoAEC,9pr1oE34bIM,"BLACKS ARE TIRED OF BEING KILLED FOR NOTHING, HE DIDN'T HAD A WEAPON, SO YOU SHUT YOUR ASS WHITE DEVIL. ALL WHITE PEOPLE ARE EVIL.",True,False,False,False,False,True,True,False,False,False,False,False
Ugj6nZkcYnmMc3gCoAEC,9pr1oE34bIM,"This makes me so damn angry. Â All of this over some worthless thug who got himself shot? Â The protests, those animals looting and tearing shit up in their own neighborhoods over this? Â This is why everyone thinks the black community is fucked up, because it is fucked up.",True,True,False,False,False,True,True,False,False,False,False,False
UgjA7WCImkpudXgCoAEC,9pr1oE34bIM,"Black cop kills white kid...Black kid kills white cop.Â  Does anyone riot, protestÂ and engage national news?Â  No.Â  Race isn't mentioned in either of these circumstances.Â  So think about it, then ask yourself this question (and answer honestly): Who are the REAL racists in this country?Â ",True,False,False,False,False,True,True,False,False,False,False,False
UgjDzjqZ_dYyA3gCoAEC,9pr1oE34bIM,"Right on!!! Finally some Sane opinion on this event! These Black bastards are soooooooooo IGNORANT!!! Running around yelling and looting and carrying on, just like in LA Riots.... Same old shit",True,False,False,False,False,True,True,False,False,False,False,False
UgjR2vUGwXV6ongCoAEC,9pr1oE34bIM,whites are weak,True,False,False,False,False,True,True,False,False,False,False,False
UgjSbD2eqrAQKngCoAEC,9pr1oE34bIM,The white race is the racist race.,True,False,False,False,False,True,True,False,False,False,False,False
UgjvXESe-olTwXgCoAEC,9pr1oE34bIM,White Supremacy at its best !,True,False,False,False,False,True,True,False,False,False,False,False
UgwD8sHTmb1Qc3ZCTTZ4AaABAg,9pr1oE34bIM,â€œBlack thugsâ€ whatâ€™s your plan @seattlemqrksjoin3 tf,True,False,False,False,False,True,True,False,False,False,False,False
UgxPdrXfTjuUJOZC8L94AaABAg,9pr1oE34bIM,"Did he really say trevon martin brought watermelon and skittles to make lean? Lol yo white ppl will say aaannnyything to make blk ppl look a certain way other then the truth..even if trevon said he was a no limit nigga so the fuck what,kids say dumb things all the time, i once said i was batman lol and? They sicken me an will make up any kind of excuse..why dont u talk about the second video tbat came out 2 years after the mike brown situation an how the cops said they didnt think it was important but it showed that mike made a trade with the store owner so there was no robbery lol how about u talk about the corruption with the police and media for withholding information?",True,False,False,False,False,True,True,False,False,False,False,False
UgiF5ETsIyVBzngCoAEC,bUgKZMSxr3E,Anna is a dumb ass n Joe rogan has no clue what he is saying...Anna go do porn or something n leave this job to some one more intelligent.,True,True,False,False,True,True,False,False,True,False,False,False
UghYIMGnsNsUU3gCoAEC,cT14IbTDW2c,I've always been so good at being moderate and understanding but when I saw the woman in scrubs...screw the Black Lives Matters movement. I hope it dies.,True,False,False,False,False,True,True,False,False,False,False,False
Ugi-Y6XWZdsDxHgCoAEC,cT14IbTDW2c,why is Black lives matter out there ? take your Black asses Home ... has Nothin to do with your Black asses !,True,False,False,False,False,True,True,False,False,False,False,False
UgjKHzF3IwSEzXgCoAEC,cT14IbTDW2c,"Anyone stupid enough to stand in the roadway should be run over.  If they die, it will only improve the gene pool.",True,False,False,False,False,True,True,False,False,False,False,False
UgjwfZG_znrrvXgCoAEC,cT14IbTDW2c,"Blacks are able to do this because it was White people in rush hour traffic coming home from a job! They bring their lazy asses out from watching TV and getting high to fuck with the very people providing their welfare. Yea, these White people are the same who sit on juries that rule on po-lice brutality and shootings. Piss them off. I'm SO sure you're getting them to see your side of the story!",True,False,False,False,False,True,True,False,False,False,False,False
UgwDlz2kjxmATeJPerZ4AaABAg,cT14IbTDW2c,*Monkey screamin bout honkies intensifies*,True,False,False,False,False,True,True,False,False,False,False,False
UgwHs2oma581XZi185h4AaABAg,cT14IbTDW2c,"Omg, these dumbass protesters are preventing cops to do their job because of their whining. I really really hate people who protest like this.

Edit: Look at that ugly ass black girl with the big eyes.....",True,True,False,False,False,True,True,False,False,False,False,False
UgwIPMNl703BvRgN2xd4AaABAg,cT14IbTDW2c,All liberal nonsense,True,False,False,False,False,True,False,False,False,False,False,False
Ugx_b0BA1QECOSVPhM54AaABAg,cT14IbTDW2c,You whites are so racist always in comment section  . I'm so glad you whites are being exterminated . Another 100 years or so an there will be no whites . Peace on earth,True,False,False,False,False,True,True,False,False,False,False,False
Ugxg0WuW6HaACEmc1Up4AaABAg,cT14IbTDW2c,California is so stupid ! Just arrest all them and charge them ! Drivers need to get too work To feed their Families,True,False,False,False,False,True,True,True,False,False,False,False
Ugy_DN9MzdmZKFMbeWR4AaABAg,cT14IbTDW2c,Run the black cunts over,True,True,False,True,True,True,True,False,False,False,False,False
UgyFQZ1GXkkmCrx9ER54AaABAg,cT14IbTDW2c,These Californians deserve this backup since they elect people that allow this to happen without consequences. If they tried that where I lived they would be shot at and runned over.,True,True,False,True,False,True,True,True,False,False,False,False
Ugz7CcHZjpOHvajlZrJ4AaABAg,cT14IbTDW2c,Stupid niggers,True,False,False,False,False,True,True,False,False,False,False,False
UgzWOM1fvgg5rw_W1XB4AaABAg,cT14IbTDW2c,Stupid American,True,False,False,False,False,True,True,True,False,False,False,False
Ugyq7vvHf_dWdP8HIAB4AaABAg,dDbRyFIkNII,Stuff like this is one of the reasons why people associate violence and danger with black people.,True,False,False,False,False,True,True,False,False,False,False,False
UggJvtBuY7918HgCoAEC,dG7mZQvaQDk,finally a black person with a unbiased opinion. An incredibly high percentage ofÂ black lives are lost among themselves and only an extremely small fraction from police.Â  Black people need to take responsibility for their violence.,True,False,False,False,False,True,True,False,False,False,False,False
UggrbvWF1tW0pHgCoAEC,dG7mZQvaQDk,Niggas love being the victim in any situation that's why I separate my from them and other black people need to do the same,True,False,False,False,False,True,True,False,False,False,False,False
UghcJ70N2jvmUXgCoAEC,dG7mZQvaQDk,"Obama should be saying exactly what this lady is saying. Â Instead, he's defending the thugs. Â She should clean up her language, however.",True,False,False,False,False,True,True,False,False,False,False,False
UghjSQWibrNXbHgCoAEC,dG7mZQvaQDk,"Im a white person who always thought everyone should be treated fairly.
With BLM and creating a bunch of bull and threatening my life and others by making it harder for cops to take out the bad guys, maybe not drawing their weapon fast enough or killing the spirit of being a hero or killing the spirit of NOT putting out 110% and doing JUST enough to comply. (No more rushing into burning houses type of thing) from a few bad cops

And with the neighborhood gangs in my neighborhood having the heat taken off them. Emboldening them.

 And not the spirit of ALL lives matter (A form of racism in itself)

BLM is causing a feeling that Black Lives don't matter.

Peggy gave me hope there is still hope that there is still intelligence in the black community. 
So maybe we can still all live together.
I'm one less white guy willing to join the KKK because of Peggy, NOT BLM.",True,False,False,False,False,True,True,False,False,False,False,False
UghkOHwrD0EFVXgCoAEC,dG7mZQvaQDk,"As a black person all I have to say is THANK YOU FOR SPEAKING THE TRUTH. Too many blacks out there causing trouble, dressing like idiots and bring trouble to themselves, killing eachother, causing crimes then they complain the police are after them when they are up to no good. I'm just glad my parents grew me up properly. I stayed away from the garbage.",True,False,False,False,False,True,True,False,False,False,False,False
UghS3N0TuPkVzXgCoAEC,dG7mZQvaQDk,Too much logic and intelligence.  She must be mixed race with some intelligent white DNA in her.,True,False,False,False,False,True,True,False,False,False,False,False
UgiTvwSX5Z1bzXgCoAEC,dG7mZQvaQDk,"So now a days, if you're Conservative, support the Confederate Flag,denies racism,and criticize black people; you're deemed a hero by white people? Lmao. Please get this white woman in black face off my screen",True,False,False,False,False,True,True,False,False,False,False,False
UgixdxuPaLDtAXgCoAEC,dG7mZQvaQDk,"okay blacklivesmovent thugs  stop with this carp u wanna stand up for a murder but yet a child died by gettin shoot in the cheast all becasue u all wanna act like the plant of the apes movie all because of this excuse me black are killing other blacks and u wanna come after cops and white ppl  and call us names , rastist names all because u  dont get it try lisening to the lawa obeying the the law and stop shooting  inncent ppl  for you own  benfits all of u guys killing other ppl need to be in  jail,",True,False,False,False,False,True,True,False,False,False,False,False
Ugj4EBpIx3VZw3gCoAEC,dG7mZQvaQDk,"AMEN!!!, Peggy Hubbard!! Color makes no difference, it's the person on the inside. The innocent nine year old little girl is the one attention should have been on. Some people just want to cause chaos, black and white!! All of what is going on is exactly what Obama wanted,now look at our country and this mess that it's in. I admire your courage and telling it like it is Peggy Hubbard.",True,False,False,False,False,True,True,False,False,False,False,False
UgjDETjpfRQL6HgCoAEC,dG7mZQvaQDk,I love her. Every thug deserves a slug,True,False,False,False,False,True,True,False,False,False,False,False
UgjNs-GTt9JfJXgCoAEC,dG7mZQvaQDk,"I dont like generalizations, as she used it in her rant, BUT to her main point she is RIGHT. Chris rock said it best, there are Black people and there are niggaz. A nigga morns a killer that got gunned down in the street, a Black person mourns the loss of INNOCENT human life such as the little girl that got murdered. Based on comments here, the Black to nigga ratio is dropping.",True,False,False,False,False,True,True,False,False,False,False,False
Ugg_n-nSlkkSSXgCoAEC,Dt9-byUhPdg,"Yea! We should beat up all white people, rob black owned stores, and cause massive riots wasting money! I bet 90% of yall don't work, stop wasting people money and just off yourself....I hope every single person their got shot...that didn't happen though, sadly.",True,True,False,True,False,True,True,False,False,False,False,False
Ugg2ItA50j3R8HgCoAEC,Dt9-byUhPdg,#blacklivesdontmatter,True,False,False,False,False,True,True,False,False,False,False,False
Ugjm1PBJxlAajXgCoAEC,Dt9-byUhPdg,I agree time for a race war.,True,False,False,False,False,True,True,False,False,False,False,False
UgwZlQcZUvX_tdLv5tN4AaABAg,Dt9-byUhPdg,Michael Brown was a THUG! God bless the Thin Blue Line!! I graduate from the police academy in December!,True,False,False,False,False,True,True,False,False,False,False,False
Ugx3he2JevffnBpSued4AaABAg,Dt9-byUhPdg,"and what do the people see here,i can't even understand what they are saying,is this black America. is this good for the world to see,how do the people respect a race like this, when they see so much bad",True,False,False,False,False,True,True,False,False,False,False,False
Ugh9zSFwedOxLngCoAEC,#NAME?,95% of the policing problem being protested here is caused by black criminals. Â Let's not forget to blame and address the elephant in the room.,True,False,False,False,False,True,True,False,False,False,False,False
UgjIdl7xRx3PongCoAEC,#NAME?,It's only Ameland!,True,False,False,False,False,True,True,True,False,False,False,False
UggCqc7cB_wHgXgCoAEC,TZxEyoplYbI,I hate it how people have to read everything for me. Because I can't read. Because I'm black.,True,False,False,False,False,True,True,False,False,False,False,False
UggmqtyPp-xTR3gCoAEC,TZxEyoplYbI,"Oh man, you thug life types...you're hilarious. Seriously, you're a fuckin' riot.

Look, take your three dollar pocket knife back to the pawnshop, pull up your pants, stop playing basstracks in some 80s Sedan with rims that cost more than the car itself and sit your ass back in the office where you belong.

The criminal life ain't for you.",True,False,False,False,False,True,True,False,False,False,False,False
UggOb2fi4tyFtHgCoAEC,TZxEyoplYbI,"The shooting had not one thing to do with him being black. Black people make it a black issue. Bottom line was a grown man robbed a store and ignored police orders. Why do people think its ok to protest on the behalf of a thug who has no respect for the law, yes it is a shame that it came to his death but if he hadnt have been a thief he would still be alive. I hear this bullshit about blacks gotta do what they gotta do, hard streets, from the streets....blah blah blah. you wear your hard living like a badge of honor but with no honor for this country, but hey lets go steal some cigarillos to make blunts, worsen what is already a ghetto,Â ",True,False,False,False,False,True,True,False,False,False,False,False
UggP1BY4vFHGkngCoAEC,TZxEyoplYbI,Blacks get my prejudice easily,True,False,False,False,False,True,True,False,False,False,False,False
UggP3N8B465De3gCoAEC,TZxEyoplYbI,"Remember that time every other race rioted because someone of their race got shot by a white cop after attacking the officer or waving a gun around?
Remember the huge riot last year when a 13 month old was shot in the head by 2 black kids?

Oh.",True,False,False,False,False,True,True,False,False,False,False,False
UggYk20DDlQ_j3gCoAEC,TZxEyoplYbI,Not one pair of work boots was stolen in the ferguson riots.,True,False,False,False,False,True,True,False,False,False,False,False
Ugh0caYD_br7pngCoAEC,TZxEyoplYbI,"They don't want justice.Â  Here you see a mob mentality in action.Â  He's guilty no matter what the Grand Jury says, no matter what the evidence says, let's just hang him from the nearest tree.Â  What about the officers rights?Â Â  They need to learn to speak proper English and get a job.Â  Who's the bigger racest?Â  If a white crowd did that they would all be in jail.",True,False,False,False,False,True,True,False,False,False,False,False
Ugh8t5rTT_Og93gCoAEC,TZxEyoplYbI,Mike Brown was a criminal thug. Fuck him,True,True,False,False,True,True,True,False,False,False,False,False
Ugh9MDuFB3NFo3gCoAEC,TZxEyoplYbI,5:53 did you see that brick hit that white pig on his helmet. Lmao. Nice shot. Should of hit his face,True,False,False,False,False,True,True,False,False,False,False,False
UghGhGHVxbAhI3gCoAEC,TZxEyoplYbI,"Every time he interviewed a person I noticed they all ""ghetto"" and can clearly see their education is that of a preschooler. Who ever protested and did all that incredible stupid stuff, Dr Martin Luther King jr would have been disappointed in all of you and I respect him. All the ignorant black people like always ruining things and then they say they didn't do anything and they are always the victims. Wake up stupids you guys aren't the only ones. You're just making America look stupid. ",True,False,False,False,False,True,True,False,False,False,False,False
UghjJWezfp-IzngCoAEC,TZxEyoplYbI,"Fergueson residents are stupid , they complain about crime and when the police shoots a criminal they get all emo and tell the police to leave while rioting , looting and destroying their own community. Where is the logic in this? I think they're just trolling srs.",True,False,False,False,False,True,True,False,False,False,False,False
Ugi_AH9_ogoQwXgCoAEC,TZxEyoplYbI,United Shits Of America is collapsing. this is good,True,False,False,False,False,True,True,True,False,False,False,False
UgiDCU8p--JNoHgCoAEC,TZxEyoplYbI,i like how blacks can be all racist against white ppl without consequences ... keep it up nice new world we live in keep it up,True,False,False,False,False,True,True,False,False,False,False,False
UgiE9T6NGGsGPHgCoAEC,TZxEyoplYbI,"I find it insane that black people always play the racist card over every single little issue between a coincidental white-black situation, when in most cases race has nothing to do with it.

Also, they say they want justice. . than why go around destroying private property and looting shops, how in their right mind would ask for justice and rob and destroy peoples lively hood at the same time.

It's as though these black communities think it is perfectly acceptable for a black person to kill a white cop but when the cop follows procedures and defends him self from a potential fatal attack they get angry . . yeah the black guy might not have had a firearm but could easily have had a knife or something. . why do they value other black people more than a white law enforcement officer. . life is equal and as such they should understand that the officer defended him self from an attack. . and yes it was an attack. Â  Â ",True,False,False,False,False,True,True,False,False,False,False,False
UgiPsH0ehnKBqHgCoAEC,TZxEyoplYbI,It's all because he's black.,True,False,False,False,False,True,True,False,False,False,False,False
Ugiq80OCkfSt93gCoAEC,TZxEyoplYbI,They can't help it but these motherfuckers are primitive compared to white people.Â  They get frustrated when they live around white people because they can't compete.Â  Blacks in Africa are much more self-assured because they don't get reminded every day that they can't compete.Â  Multiculturalism is not good for anybody.Â  All these people throwing fits are living off tax dollars STOLEN from white people.,True,False,False,False,False,True,True,False,False,False,False,False
UgiyMebIj-yfdHgCoAEC,TZxEyoplYbI,"man, it's stuff like this that really make me reconsider how the world would be if Hitler were alive?Â ",True,False,False,False,False,True,True,False,False,False,False,False
UgjhnVoNm4rcbngCoAEC,TZxEyoplYbI,Lol stupid mooslims,True,False,False,False,False,True,False,False,False,False,True,False
UgjIY-px1iXxtngCoAEC,TZxEyoplYbI,"""back to Africa"" still a thing?Â  cause they seem like they really don't like it here...and its not working out...maybe they can turn their continent around",True,False,False,False,False,True,True,False,False,False,False,False
UgjTW65H46WOzngCoAEC,TZxEyoplYbI,"Â I dont understand why the black community wants to rally behind a wanna be thug. When the video of the guy robbing the store came out, I would have thought most of the protesters would have gone home. Michael Brown was a turd. This crowd is full of racist, who hate the white community.",True,True,False,False,False,True,True,False,False,False,False,False
UghGyVemEvDEqXgCoAEC,XRuCW80L9mA,"Whites should move-out of Ferguson, let's see how nice it becomes after that! East St. Louis, Detroit, Baltimore same thing happened and now look at those cities!!",True,False,False,False,False,True,True,False,False,False,False,False
Ugifh2DMhBbDkHgCoAEC,XRuCW80L9mA,"Stats don`t represent the problem. Race baiting and attitude is. Who`s doing the crimes ? Ohh I bet Trayvon is still the little innocent boy too. Don`t speak with a lisp, a sure sign of a left wing democrat !Â ",True,False,False,False,False,True,True,False,False,False,False,False
